Student_ID,Target
2701,Enrolled
1142,Enrolled
3538,Enrolled
3000,Enrolled
476,Enrolled
4270,Enrolled
3812,Enrolled
2756,Enrolled
478,Enrolled
4127,Enrolled
3222,Enrolled
2426,Enrolled
761,Enrolled
2932,Enrolled
1658,Enrolled
1567,Enrolled
2840,Enrolled
2973,Enrolled
2081,Enrolled
460,Enrolled
1707,Enrolled
909,Enrolled
2402,Enrolled
810,Enrolled
4332,Enrolled
1568,Enrolled
1188,Enrolled
1900,Enrolled
349,Enrolled
3724,Enrolled
3448,Enrolled
1150,Enrolled
4324,Enrolled
2133,Enrolled
4408,Enrolled
4051,Enrolled
2383,Enrolled
2745,Enrolled
78,Enrolled
2538,Enrolled
1148,Enrolled
591,Enrolled
738,Enrolled
332,Enrolled
1413,Enrolled
480,Enrolled
2566,Enrolled
2524,Enrolled
1756,Enrolled
2164,Enrolled
1020,Enrolled
1443,Enrolled
1818,Enrolled
1773,Enrolled
2293,Enrolled
3446,Enrolled
2182,Enrolled
2616,Enrolled
3400,Enrolled
3981,Enrolled
2347,Enrolled
1349,Enrolled
261,Enrolled
1643,Enrolled
504,Enrolled
597,Enrolled
4166,Enrolled
1303,Enrolled
3529,Enrolled
3124,Enrolled
4176,Enrolled
2607,Enrolled
2205,Enrolled
1166,Enrolled
1158,Enrolled
1122,Enrolled
2497,Enrolled
556,Enrolled
1442,Enrolled
4094,Enrolled
708,Enrolled
1853,Enrolled
2769,Enrolled
1531,Enrolled
1966,Enrolled
2003,Enrolled
2443,Enrolled
274,Enrolled
267,Enrolled
1901,Enrolled
4041,Enrolled
4206,Enrolled
2401,Enrolled
4035,Enrolled
275,Enrolled
3860,Enrolled
2419,Enrolled
2368,Enrolled
1718,Enrolled
911,Enrolled
3293,Enrolled
1678,Enrolled
4089,Enrolled
704,Enrolled
4185,Enrolled
677,Enrolled
743,Enrolled
1739,Enrolled
2296,Enrolled
652,Enrolled
1322,Enrolled
4024,Enrolled
3496,Enrolled
234,Enrolled
3322,Enrolled
3071,Enrolled
3020,Enrolled
3304,Enrolled
1013,Enrolled
3861,Enrolled
493,Enrolled
3137,Enrolled
125,Enrolled
974,Enrolled
3216,Enrolled
3375,Enrolled
1867,Enrolled
368,Enrolled
3302,Enrolled
1167,Enrolled
1985,Enrolled
4254,Enrolled
421,Enrolled
2507,Enrolled
35,Enrolled
1942,Enrolled
4007,Enrolled
751,Enrolled
3424,Enrolled
811,Enrolled
3901,Enrolled
4000,Enrolled
3972,Enrolled
2555,Enrolled
3237,Enrolled
2461,Enrolled
352,Enrolled
1569,Enrolled
2802,Enrolled
3551,Enrolled
1815,Enrolled
3,Enrolled
1092,Enrolled
903,Enrolled
2290,Enrolled
4136,Enrolled
2617,Enrolled
3938,Enrolled
1938,Enrolled
1076,Enrolled
2610,Enrolled
1994,Enrolled
3643,Enrolled
357,Enrolled
3765,Enrolled
109,Enrolled
1123,Enrolled
2588,Enrolled
2979,Enrolled
3476,Enrolled
3563,Enrolled
1379,Enrolled
3576,Enrolled
4042,Enrolled
2083,Enrolled
13,Enrolled
1511,Enrolled
3282,Enrolled
2465,Enrolled
4205,Enrolled
989,Enrolled
1959,Enrolled
814,Enrolled
99,Enrolled
4129,Enrolled
702,Enrolled
4178,Enrolled
4387,Enrolled
1419,Enrolled
3984,Enrolled
1181,Enrolled
4239,Enrolled
2844,Enrolled
3599,Enrolled
3704,Enrolled
3800,Enrolled
1360,Enrolled
249,Enrolled
3235,Enrolled
518,Enrolled
2953,Enrolled
4273,Enrolled
4321,Enrolled
2114,Enrolled
2174,Enrolled
4322,Enrolled
2761,Enrolled
3364,Enrolled
1093,Enrolled
1693,Enrolled
2127,Enrolled
3556,Enrolled
4130,Enrolled
3157,Enrolled
4236,Enrolled
868,Enrolled
3397,Enrolled
3834,Enrolled
2021,Enrolled
548,Enrolled
3231,Enrolled
2418,Enrolled
1798,Enrolled
3227,Enrolled
3159,Enrolled
374,Enrolled
881,Enrolled
2025,Enrolled
1616,Enrolled
2186,Enrolled
2160,Enrolled
2187,Enrolled
552,Enrolled
1595,Enrolled
1852,Enrolled
3362,Enrolled
422,Enrolled
792,Enrolled
3896,Enrolled
1729,Enrolled
1835,Enrolled
793,Enrolled
3570,Enrolled
3035,Enrolled
4027,Enrolled
1313,Enrolled
1854,Enrolled
3573,Enrolled
973,Enrolled
3892,Enrolled
364,Enrolled
2469,Enrolled
4260,Enrolled
1975,Enrolled
2387,Enrolled
3339,Enrolled
2282,Enrolled
1723,Enrolled
1098,Enrolled
2599,Enrolled
3018,Enrolled
2135,Enrolled
3524,Enrolled
348,Enrolled
863,Enrolled
3281,Enrolled
2054,Enrolled
3593,Enrolled
1439,Enrolled
2551,Enrolled
3039,Enrolled
2582,Enrolled
1838,Enrolled
3156,Enrolled
2462,Enrolled
4021,Enrolled
2212,Enrolled
3740,Enrolled
571,Enrolled
32,Enrolled
2710,Enrolled
1214,Enrolled
4086,Enrolled
2905,Enrolled
3443,Enrolled
365,Enrolled
3090,Enrolled
1042,Enrolled
4276,Enrolled
1473,Enrolled
2067,Enrolled
3737,Enrolled
1010,Enrolled
2997,Enrolled
2929,Enrolled
1859,Enrolled
2001,Enrolled
1689,Enrolled
2869,Enrolled
4209,Enrolled
1315,Enrolled
1802,Enrolled
3686,Enrolled
2266,Enrolled
1011,Enrolled
1934,Enrolled
3987,Enrolled
2124,Enrolled
231,Enrolled
1974,Enrolled
1436,Enrolled
1937,Enrolled
1734,Enrolled
3889,Enrolled
2311,Enrolled
1810,Enrolled
4315,Enrolled
4023,Enrolled
3884,Enrolled
796,Enrolled
1946,Enrolled
2272,Enrolled
3650,Enrolled
2852,Enrolled
2341,Enrolled
3611,Enrolled
2688,Enrolled
1876,Enrolled
434,Enrolled
2249,Enrolled
1948,Enrolled
3948,Enrolled
4150,Enrolled
3835,Enrolled
2191,Enrolled
414,Enrolled
2038,Enrolled
4247,Enrolled
4181,Enrolled
1417,Enrolled
2794,Enrolled
4345,Enrolled
638,Enrolled
279,Enrolled
4311,Enrolled
2147,Enrolled
2654,Enrolled
475,Enrolled
3212,Enrolled
4419,Enrolled
2314,Enrolled
1213,Enrolled
1873,Enrolled
1642,Enrolled
362,Enrolled
3878,Enrolled
2261,Enrolled
1644,Enrolled
4083,Enrolled
53,Enrolled
2468,Enrolled
2480,Enrolled
3639,Enrolled
2441,Enrolled
351,Enrolled
3535,Enrolled
572,Enrolled
3046,Enrolled
2881,Enrolled
202,Enrolled
1559,Enrolled
1206,Enrolled
3315,Enrolled
1012,Enrolled
3946,Enrolled
2318,Enrolled
215,Enrolled
3291,Enrolled
27,Enrolled
1704,Enrolled
1336,Enrolled
2849,Enrolled
986,Enrolled
3829,Enrolled
3910,Enrolled
1384,Enrolled
4248,Enrolled
55,Enrolled
3815,Enrolled
2857,Enrolled
2454,Enrolled
192,Enrolled
2214,Enrolled
1472,Enrolled
2680,Enrolled
336,Enrolled
2287,Enrolled
581,Enrolled
1524,Enrolled
3242,Enrolled
1692,Enrolled
310,Enrolled
2440,Enrolled
1347,Enrolled
839,Enrolled
3213,Enrolled
1837,Enrolled
1786,Enrolled
2340,Enrolled
296,Enrolled
1211,Enrolled
1269,Enrolled
3305,Enrolled
866,Enrolled
2683,Enrolled
3269,Enrolled
3634,Enrolled
872,Enrolled
227,Enrolled
2805,Enrolled
3832,Enrolled
929,Enrolled
3816,Enrolled
3844,Enrolled
1797,Enrolled
3396,Enrolled
486,Enrolled
1697,Enrolled
2737,Enrolled
838,Enrolled
1251,Enrolled
4348,Enrolled
1751,Enrolled
177,Enrolled
3398,Enrolled
3115,Enrolled
301,Enrolled
4421,Enrolled
4351,Enrolled
424,Enrolled
3562,Enrolled
1398,Enrolled
1007,Enrolled
3676,Enrolled
744,Enrolled
4417,Enrolled
4413,Enrolled
970,Enrolled
3251,Enrolled
1458,Enrolled
3918,Enrolled
1955,Enrolled
3926,Enrolled
4307,Enrolled
2292,Enrolled
3777,Enrolled
1070,Enrolled
2749,Enrolled
963,Enrolled
1088,Enrolled
3677,Enrolled
1847,Enrolled
3060,Enrolled
50,Enrolled
3230,Enrolled
3824,Enrolled
4279,Enrolled
3554,Enrolled
807,Enrolled
3642,Enrolled
2197,Enrolled
808,Enrolled
2578,Enrolled
3508,Enrolled
39,Enrolled
3106,Enrolled
1003,Enrolled
3459,Enrolled
3648,Enrolled
1140,Enrolled
3466,Enrolled
1172,Enrolled
3519,Enrolled
1209,Enrolled
3951,Enrolled
1940,Enrolled
780,Enrolled
2065,Enrolled
2297,Enrolled
996,Enrolled
3565,Enrolled
612,Enrolled
3253,Enrolled
3731,Enrolled
745,Enrolled
246,Enrolled
4025,Enrolled
1532,Enrolled
2687,Enrolled
739,Enrolled
3395,Enrolled
355,Enrolled
2348,Enrolled
2767,Enrolled
4013,Enrolled
735,Enrolled
3288,Enrolled
1673,Enrolled
2812,Enrolled
442,Enrolled
3937,Enrolled
4340,Enrolled
4317,Enrolled
2122,Enrolled
503,Enrolled
4196,Enrolled
3734,Enrolled
782,Enrolled
3083,Enrolled
3930,Enrolled
3613,Enrolled
3358,Enrolled
4287,Enrolled
2963,Enrolled
3640,Enrolled
1546,Enrolled
2552,Enrolled
1600,Enrolled
3754,Enrolled
3277,Enrolled
1423,Enrolled
86,Enrolled
75,Enrolled
670,Enrolled
3241,Enrolled
483,Enrolled
2679,Enrolled
2606,Enrolled
714,Enrolled
3825,Enrolled
2291,Enrolled
290,Enrolled
3412,Enrolled
217,Enrolled
2404,Enrolled
431,Enrolled
1046,Enrolled
3298,Enrolled
537,Enrolled
2640,Enrolled
653,Enrolled
3578,Enrolled
1455,Enrolled
2204,Enrolled
1657,Enrolled
1790,Enrolled
4182,Enrolled
3582,Enrolled
3571,Enrolled
892,Enrolled
992,Enrolled
2847,Enrolled
3849,Enrolled
3784,Enrolled
3394,Enrolled
3903,Enrolled
3239,Enrolled
3822,Enrolled
2019,Enrolled
154,Enrolled
294,Enrolled
2568,Enrolled
2783,Enrolled
2330,Enrolled
1111,Enrolled
2753,Enrolled
2352,Enrolled
2162,Enrolled
3720,Enrolled
77,Enrolled
2601,Enrolled
4214,Enrolled
3605,Enrolled
4366,Enrolled
1978,Enrolled
2047,Enrolled
2575,Enrolled
2801,Enrolled
458,Enrolled
3131,Enrolled
555,Enrolled
3626,Enrolled
2245,Enrolled
2070,Enrolled
1762,Enrolled
1396,Enrolled
292,Enrolled
783,Enrolled
619,Enrolled
1464,Enrolled
31,Enrolled
1401,Enrolled
4312,Enrolled
1664,Enrolled
334,Enrolled
2726,Enrolled
1071,Enrolled
1539,Enrolled
3439,Enrolled
1486,Enrolled
599,Enrolled
1426,Enrolled
681,Enrolled
632,Enrolled
4385,Enrolled
1130,Enrolled
157,Enrolled
2549,Enrolled
4022,Enrolled
2198,Enrolled
19,Enrolled
3558,Enrolled
167,Enrolled
1277,Enrolled
2118,Enrolled
1101,Enrolled
2134,Enrolled
1749,Enrolled
2429,Enrolled
3898,Enrolled
3286,Enrolled
58,Enrolled
2860,Enrolled
2260,Enrolled
2618,Enrolled
1316,Enrolled
779,Enrolled
415,Enrolled
2943,Enrolled
2937,Enrolled
731,Enrolled
2145,Enrolled
3600,Enrolled
778,Enrolled
1615,Enrolled
1257,Enrolled
1812,Enrolled
2432,Enrolled
3862,Enrolled
943,Enrolled
3238,Enrolled
1675,Enrolled
1096,Enrolled
3463,Enrolled
206,Enrolled
1045,Enrolled
1411,Enrolled
4015,Enrolled
4049,Enrolled
1598,Enrolled
3502,Enrolled
1014,Enrolled
1503,Enrolled
1424,Enrolled
3859,Enrolled
1225,Enrolled
624,Enrolled
4019,Enrolled
837,Enrolled
102,Enrolled
3848,Enrolled
1607,Enrolled
655,Enrolled
2493,Enrolled
197,Enrolled
1845,Enrolled
3654,Enrolled
2476,Enrolled
2406,Enrolled
388,Enrolled
1344,Enrolled
1392,Enrolled
1761,Enrolled
1366,Enrolled
906,Enrolled
4318,Enrolled
956,Enrolled
2108,Enrolled
2838,Enrolled
2050,Enrolled
821,Enrolled
566,Enrolled
928,Enrolled
2199,Enrolled
57,Enrolled
3588,Enrolled
38,Enrolled
2055,Enrolled
2856,Enrolled
3477,Enrolled
4056,Enrolled
3003,Enrolled
139,Enrolled
2049,Enrolled
3767,Enrolled
746,Enrolled
1389,Enrolled
663,Enrolled
3679,Enrolled
1429,Enrolled
3525,Enrolled
2792,Enrolled
3098,Enrolled
2516,Enrolled
1746,Enrolled
601,Enrolled
3095,Enrolled
3215,Enrolled
683,Enrolled
630,Enrolled
2880,Enrolled
2862,Enrolled
3763,Enrolled
218,Enrolled
98,Enrolled
3998,Enrolled
85,Enrolled
1153,Enrolled
2829,Enrolled
1883,Enrolled
3214,Enrolled
722,Enrolled
2778,Enrolled
1874,Enrolled
1920,Enrolled
3166,Enrolled
2825,Enrolled
844,Enrolled
2033,Enrolled
771,Enrolled
1857,Enrolled
1339,Enrolled
1583,Enrolled
3268,Enrolled
3960,Enrolled
2776,Enrolled
3968,Enrolled
42,Enrolled
3725,Enrolled
297,Enrolled
1198,Enrolled
4179,Enrolled
2331,Enrolled
3621,Enrolled
926,Enrolled
923,Enrolled
2247,Enrolled
2321,Enrolled
2179,Enrolled
1823,Enrolled
3327,Enrolled
967,Enrolled
4342,Enrolled
1561,Enrolled
4082,Enrolled
115,Enrolled
978,Enrolled
2658,Enrolled
1830,Enrolled
886,Enrolled
1405,Enrolled
2036,Enrolled
2700,Enrolled
2750,Enrolled
3104,Enrolled
2659,Enrolled
3876,Enrolled
4199,Enrolled
419,Enrolled
1725,Enrolled
4016,Enrolled
209,Enrolled
485,Enrolled
1687,Enrolled
3223,Enrolled
1925,Enrolled
2138,Enrolled
2398,Enrolled
2611,Enrolled
3350,Enrolled
4140,Enrolled
729,Enrolled
1922,Enrolled
4403,Enrolled
1055,Enrolled
3445,Enrolled
2732,Enrolled
430,Enrolled
1192,Enrolled
2041,Enrolled
1054,Enrolled
1737,Enrolled
1788,Enrolled
4119,Enrolled
4231,Enrolled
3867,Enrolled
2092,Enrolled
1039,Enrolled
1801,Enrolled
1272,Enrolled
692,Enrolled
2714,Enrolled
800,Enrolled
161,Enrolled
151,Enrolled
511,Enrolled
22,Enrolled
3059,Enrolled
2374,Enrolled
2500,Enrolled
592,Enrolled
1182,Enrolled
1171,Enrolled
3668,Enrolled
2137,Enrolled
2190,Enrolled
512,Enrolled
760,Enrolled
3246,Enrolled
3014,Enrolled
2690,Enrolled
2075,Enrolled
1337,Enrolled
4218,Enrolled
2807,Enrolled
3685,Enrolled
1087,Enrolled
3924,Enrolled
2283,Enrolled
777,Enrolled
1154,Enrolled
3380,Enrolled
3886,Enrolled
3488,Enrolled
3733,Enrolled
1844,Enrolled
870,Enrolled
3458,Enrolled
622,Enrolled
2771,Enrolled
1334,Enrolled
3994,Enrolled
3550,Enrolled
1164,Enrolled
3928,Enrolled
3313,Enrolled
187,Enrolled
3628,Enrolled
2029,Enrolled
90,Enrolled
169,Enrolled
3221,Enrolled
2485,Enrolled
3390,Enrolled
1145,Enrolled
2716,Enrolled
648,Enrolled
4069,Enrolled
3655,Enrolled
183,Enrolled
459,Enrolled
3414,Enrolled
2620,Enrolled
1361,Enrolled
3472,Enrolled
3453,Enrolled
370,Enrolled
409,Enrolled
4210,Enrolled
1552,Enrolled
2248,Enrolled
855,Enrolled
1556,Enrolled
2790,Enrolled
1649,Enrolled
840,Enrolled
76,Enrolled
59,Enrolled
1289,Enrolled
3089,Enrolled
2210,Enrolled
417,Enrolled
2928,Enrolled
3945,Enrolled
371,Enrolled
1348,Enrolled
1551,Enrolled
2644,Enrolled
4328,Enrolled
3920,Enrolled
2835,Enrolled
3591,Enrolled
257,Enrolled
3133,Enrolled
4222,Enrolled
96,Enrolled
1159,Enrolled
3182,Enrolled
3973,Enrolled
1432,Enrolled
385,Enrolled
2473,Enrolled
3589,Enrolled
1626,Enrolled
1080,Enrolled
922,Enrolled
3416,Enrolled
363,Enrolled
1512,Enrolled
3739,Enrolled
2677,Enrolled
3622,Enrolled
3909,Enrolled
1124,Enrolled
3077,Enrolled
4397,Enrolled
1612,Enrolled
3698,Enrolled
3393,Enrolled
665,Enrolled
1265,Enrolled
4038,Enrolled
1816,Enrolled
2434,Enrolled
1863,Enrolled
920,Enrolled
1002,Enrolled
2414,Enrolled
1775,Enrolled
1267,Enrolled
697,Enrolled
2505,Enrolled
2400,Enrolled
1018,Enrolled
2229,Enrolled
1280,Enrolled
3647,Enrolled
2665,Enrolled
3956,Enrolled
178,Enrolled
2707,Enrolled
962,Enrolled
4120,Enrolled
2983,Enrolled
3357,Enrolled
3440,Enrolled
3422,Enrolled
216,Enrolled
4326,Enrolled
3403,Enrolled
2063,Enrolled
3964,Enrolled
674,Enrolled
3295,Enrolled
74,Enrolled
134,Enrolled
1917,Enrolled
2673,Enrolled
1728,Enrolled
3016,Enrolled
3922,Enrolled
2839,Enrolled
508,Enrolled
724,Enrolled
2608,Enrolled
1108,Enrolled
3129,Enrolled
2804,Enrolled
2813,Enrolled
3883,Enrolled
4377,Enrolled
3715,Enrolled
4313,Enrolled
145,Enrolled
1114,Enrolled
2295,Enrolled
66,Enrolled
1006,Enrolled
2413,Enrolled
2544,Enrolled
3645,Enrolled
2925,Enrolled
3933,Enrolled
1860,Enrolled
907,Enrolled
1578,Enrolled
1735,Enrolled
850,Enrolled
4014,Enrolled
2723,Enrolled
3195,Enrolled
3300,Enrolled
2073,Enrolled
3031,Enrolled
291,Enrolled
4011,Enrolled
3209,Enrolled
1250,Enrolled
2666,Enrolled
3081,Enrolled
1684,Enrolled
4323,Enrolled
3368,Enrolled
4191,Enrolled
344,Enrolled
4078,Enrolled
3100,Enrolled
816,Enrolled
3434,Enrolled
1861,Enrolled
1351,Enrolled
2369,Enrolled
2447,Enrolled
4335,Enrolled
2192,Enrolled
1168,Enrolled
3797,Enrolled
1814,Enrolled
1635,Enrolled
1803,Enrolled
3787,Enrolled
2969,Enrolled
3979,Enrolled
1107,Enrolled
1032,Enrolled
3309,Enrolled
4190,Enrolled
2816,Enrolled
287,Enrolled
464,Enrolled
3609,Enrolled
2207,Enrolled
2112,Enrolled
1638,Enrolled
4162,Enrolled
3105,Enrolled
2085,Enrolled
2782,Enrolled
2233,Enrolled
190,Enrolled
2408,Enrolled
3135,Enrolled
2397,Enrolled
2717,Enrolled
1507,Enrolled
1623,Enrolled
3151,Enrolled
1740,Enrolled
2727,Enrolled
1902,Enrolled
3272,Enrolled
2556,Enrolled
1893,Enrolled
1571,Enrolled
3179,Enrolled
168,Enrolled
3785,Enrolled
3352,Enrolled
4292,Enrolled
3204,Enrolled
3481,Enrolled
3927,Enrolled
3004,Enrolled
4063,Enrolled
2940,Enrolled
3101,Enrolled
2594,Enrolled
2158,Enrolled
2323,Enrolled
1624,Enrolled
1677,Enrolled
1560,Enrolled
2887,Enrolled
356,Enrolled
4195,Enrolled
4004,Enrolled
1894,Enrolled
3210,Enrolled
3264,Enrolled
3326,Enrolled
1204,Enrolled
951,Enrolled
3646,Enrolled
4003,Enrolled
568,Enrolled
3544,Enrolled
2920,Enrolled
1811,Enrolled
4374,Enrolled
500,Enrolled
443,Enrolled
2990,Enrolled
4167,Enrolled
3722,Enrolled
1350,Enrolled
1784,Enrolled
4221,Enrolled
541,Enrolled
2399,Enrolled
71,Enrolled
4228,Enrolled
3276,Enrolled
3381,Enrolled
447,Enrolled
2902,Enrolled
937,Enrolled
200,Enrolled
2874,Enrolled
3094,Enrolled
1469,Enrolled
1982,Enrolled
1988,Enrolled
4052,Enrolled
1069,Enrolled
3741,Enrolled
2144,Enrolled
4045,Enrolled
1670,Enrolled
3897,Enrolled
4128,Enrolled
3890,Enrolled
243,Enrolled
1676,Enrolled
1120,Enrolled
3779,Enrolled
853,Enrolled
3606,Enrolled
3641,Enrolled
1744,Enrolled
123,Enrolled
689,Enrolled
1249,Enrolled
4170,Enrolled
1757,Enrolled
733,Enrolled
2508,Enrolled
2221,Enrolled
642,Enrolled
289,Enrolled
1910,Enrolled
309,Enrolled
1519,Enrolled
81,Enrolled
668,Enrolled
3173,Enrolled
1021,Enrolled
2193,Enrolled
2576,Enrolled
2692,Enrolled
4277,Enrolled
894,Enrolled
3099,Enrolled
1437,Enrolled
253,Enrolled
3936,Enrolled
471,Enrolled
4414,Enrolled
1409,Enrolled
2711,Enrolled
93,Enrolled
2876,Enrolled
3735,Enrolled
3335,Enrolled
918,Enrolled
4372,Enrolled
3638,Enrolled
3873,Enrolled
3838,Enrolled
1777,Enrolled
1151,Enrolled
4393,Enrolled
2725,Enrolled
2597,Enrolled
1440,Enrolled
1406,Enrolled
3996,Enrolled
3971,Enrolled
3700,Enrolled
384,Enrolled
2298,Enrolled
3935,Enrolled
2565,Enrolled
3931,Enrolled
259,Enrolled
432,Enrolled
2691,Enrolled
2106,Enrolled
1659,Enrolled
1736,Enrolled
2966,Enrolled
3853,Enrolled
563,Enrolled
3191,Enrolled
2254,Enrolled
3249,Enrolled
1562,Enrolled
1200,Enrolled
1970,Enrolled
1885,Enrolled
3190,Enrolled
1619,Enrolled
1402,Enrolled
4225,Enrolled
3175,Enrolled
4113,Enrolled
3409,Enrolled
4174,Enrolled
3184,Enrolled
4084,Enrolled
2107,Enrolled
891,Enrolled
69,Enrolled
1345,Enrolled
3260,Enrolled
324,Enrolled
331,Enrolled
1297,Enrolled
634,Enrolled
797,Enrolled
550,Enrolled
3310,Enrolled
774,Enrolled
732,Enrolled
3172,Enrolled
2910,Enrolled
1750,Enrolled
2234,Enrolled
1207,Enrolled
3250,Enrolled
2046,Enrolled
4268,Enrolled
977,Enrolled
567,Enrolled
451,Enrolled
3919,Enrolled
3590,Enrolled
3955,Enrolled
4151,Enrolled
4416,Enrolled
3351,Enrolled
831,Enrolled
1592,Enrolled
618,Enrolled
4132,Enrolled
2569,Enrolled
404,Enrolled
1969,Enrolled
3030,Enrolled
678,Enrolled
706,Enrolled
2165,Enrolled
3160,Enrolled
1399,Enrolled
4171,Enrolled
3680,Enrolled
1732,Enrolled
1407,Enrolled
4033,Enrolled
1573,Enrolled
3285,Enrolled
3798,Enrolled
1381,Enrolled
1136,Enrolled
700,Enrolled
1057,Enrolled
1541,Enrolled
1052,Enrolled
709,Enrolled
2237,Enrolled
3122,Enrolled
2635,Enrolled
1865,Enrolled
2842,Enrolled
1760,Enrolled
2815,Enrolled
684,Enrolled
1509,Enrolled
2974,Enrolled
2577,Enrolled
4359,Enrolled
1829,Enrolled
1821,Enrolled
3907,Enrolled
2991,Enrolled
2948,Enrolled
633,Enrolled
1376,Enrolled
1733,Enrolled
316,Enrolled
3483,Enrolled
2968,Enrolled
3132,Enrolled
2223,Enrolled
1957,Enrolled
4353,Enrolled
2206,Enrolled
3097,Enrolled
3145,Enrolled
659,Enrolled
3943,Enrolled
1534,Enrolled
1614,Enrolled
2871,Enrolled
393,Enrolled
3111,Enrolled
149,Enrolled
2939,Enrolled
4109,Enrolled
465,Enrolled
4034,Enrolled
598,Enrolled
1681,Enrolled
3275,Enrolled
3581,Enrolled
940,Enrolled
245,Enrolled
4062,Enrolled
748,Enrolled
